FechaID,Fecha,Anio,Mes,NombreMes,Trimestre,Dia
1,2017-01-01,2017,1,January,Qtr 1,1
2,2017-01-02,2017,1,January,Qtr 1,2
3,2017-01-03,2017,1,January,Qtr 1,3
4,2017-01-04,2017,1,January,Qtr 1,4
5,2017-01-05,2017,1,January,Qtr 1,5
6,2017-01-06,2017,1,January,Qtr 1,6
7,2017-01-07,2017,1,January,Qtr 1,7
8,2017-01-08,2017,1,January,Qtr 1,8
9,2017-01-09,2017,1,January,Qtr 1,9
10,2017-01-10,2017,1,January,Qtr 1,10
11,2017-01-11,2017,1,January,Qtr 1,11
12,2017-01-12,2017,1,January,Qtr 1,12
13,2017-01-13,2017,1,January,Qtr 1,13
14,2017-01-14,2017,1,January,Qtr 1,14
15,2017-01-15,2017,1,January,Qtr 1,15
16,2017-01-16,2017,1,January,Qtr 1,16
17,2017-01-17,2017,1,January,Qtr 1,17
18,2017-01-18,2017,1,January,Qtr 1,18
19,2017-01-19,2017,1,January,Qtr 1,19
20,2017-01-20,2017,1,January,Qtr 1,20
21,2017-01-21,2017,1,January,Qtr 1,21
22,2017-01-22,2017,1,January,Qtr 1,22
23,2017-01-23,2017,1,January,Qtr 1,23
24,2017-01-24,2017,1,January,Qtr 1,24
25,2017-01-25,2017,1,January,Qtr 1,25
26,2017-01-26,2017,1,January,Qtr 1,26
27,2017-01-27,2017,1,January,Qtr 1,27
28,2017-01-28,2017,1,January,Qtr 1,28
29,2017-01-29,2017,1,January,Qtr 1,29
30,2017-01-30,2017,1,January,Qtr 1,30
31,2017-01-31,2017,1,January,Qtr 1,31
32,2017-02-01,2017,2,February,Qtr 1,1
33,2017-02-02,2017,2,February,Qtr 1,2
34,2017-02-03,2017,2,February,Qtr 1,3
35,2017-02-04,2017,2,February,Qtr 1,4
36,2017-02-05,2017,2,February,Qtr 1,5
37,2017-02-06,2017,2,February,Qtr 1,6
38,2017-02-07,2017,2,February,Qtr 1,7
39,2017-02-08,2017,2,February,Qtr 1,8
40,2017-02-09,2017,2,February,Qtr 1,9
41,2017-02-10,2017,2,February,Qtr 1,10
42,2017-02-11,2017,2,February,Qtr 1,11
43,2017-02-12,2017,2,February,Qtr 1,12
44,2017-02-13,2017,2,February,Qtr 1,13
45,2017-02-14,2017,2,February,Qtr 1,14
46,2017-02-15,2017,2,February,Qtr 1,15
47,2017-02-16,2017,2,February,Qtr 1,16
48,2017-02-17,2017,2,February,Qtr 1,17
49,2017-02-18,2017,2,February,Qtr 1,18
50,2017-02-19,2017,2,February,Qtr 1,19
51,2017-02-20,2017,2,February,Qtr 1,20
52,2017-02-21,2017,2,February,Qtr 1,21
53,2017-02-22,2017,2,February,Qtr 1,22
54,2017-02-23,2017,2,February,Qtr 1,23
55,2017-02-24,2017,2,February,Qtr 1,24
56,2017-02-25,2017,2,February,Qtr 1,25
57,2017-02-26,2017,2,February,Qtr 1,26
58,2017-02-27,2017,2,February,Qtr 1,27
59,2017-02-28,2017,2,February,Qtr 1,28
60,2017-03-01,2017,3,March,Qtr 1,1
61,2017-03-02,2017,3,March,Qtr 1,2
62,2017-03-03,2017,3,March,Qtr 1,3
63,2017-03-04,2017,3,March,Qtr 1,4
64,2017-03-05,2017,3,March,Qtr 1,5
65,2017-03-06,2017,3,March,Qtr 1,6
66,2017-03-07,2017,3,March,Qtr 1,7
67,2017-03-08,2017,3,March,Qtr 1,8
68,2017-03-09,2017,3,March,Qtr 1,9
69,2017-03-10,2017,3,March,Qtr 1,10
70,2017-03-11,2017,3,March,Qtr 1,11
71,2017-03-12,2017,3,March,Qtr 1,12
72,2017-03-13,2017,3,March,Qtr 1,13
73,2017-03-14,2017,3,March,Qtr 1,14
74,2017-03-15,2017,3,March,Qtr 1,15
75,2017-03-16,2017,3,March,Qtr 1,16
76,2017-03-17,2017,3,March,Qtr 1,17
77,2017-03-18,2017,3,March,Qtr 1,18
78,2017-03-19,2017,3,March,Qtr 1,19
79,2017-03-20,2017,3,March,Qtr 1,20
80,2017-03-21,2017,3,March,Qtr 1,21
81,2017-03-22,2017,3,March,Qtr 1,22
82,2017-03-23,2017,3,March,Qtr 1,23
83,2017-03-24,2017,3,March,Qtr 1,24
84,2017-03-25,2017,3,March,Qtr 1,25
85,2017-03-26,2017,3,March,Qtr 1,26
86,2017-03-27,2017,3,March,Qtr 1,27
87,2017-03-28,2017,3,March,Qtr 1,28
88,2017-03-29,2017,3,March,Qtr 1,29
89,2017-03-30,2017,3,March,Qtr 1,30
90,2017-03-31,2017,3,March,Qtr 1,31
91,2017-04-01,2017,4,April,Qtr 2,1
92,2017-04-02,2017,4,April,Qtr 2,2
93,2017-04-03,2017,4,April,Qtr 2,3
94,2017-04-04,2017,4,April,Qtr 2,4
95,2017-04-05,2017,4,April,Qtr 2,5
96,2017-04-06,2017,4,April,Qtr 2,6
97,2017-04-07,2017,4,April,Qtr 2,7
98,2017-04-08,2017,4,April,Qtr 2,8
99,2017-04-09,2017,4,April,Qtr 2,9
100,2017-04-10,2017,4,April,Qtr 2,10
101,2017-04-11,2017,4,April,Qtr 2,11
102,2017-04-12,2017,4,April,Qtr 2,12
103,2017-04-13,2017,4,April,Qtr 2,13
104,2017-04-14,2017,4,April,Qtr 2,14
105,2017-04-15,2017,4,April,Qtr 2,15
106,2017-04-16,2017,4,April,Qtr 2,16
107,2017-04-17,2017,4,April,Qtr 2,17
108,2017-04-18,2017,4,April,Qtr 2,18
109,2017-04-19,2017,4,April,Qtr 2,19
110,2017-04-20,2017,4,April,Qtr 2,20
111,2017-04-21,2017,4,April,Qtr 2,21
112,2017-04-22,2017,4,April,Qtr 2,22
113,2017-04-23,2017,4,April,Qtr 2,23
114,2017-04-24,2017,4,April,Qtr 2,24
115,2017-04-25,2017,4,April,Qtr 2,25
116,2017-04-26,2017,4,April,Qtr 2,26
117,2017-04-27,2017,4,April,Qtr 2,27
118,2017-04-28,2017,4,April,Qtr 2,28
119,2017-04-29,2017,4,April,Qtr 2,29
120,2017-04-30,2017,4,April,Qtr 2,30
121,2017-05-01,2017,5,May,Qtr 2,1
122,2017-05-02,2017,5,May,Qtr 2,2
123,2017-05-03,2017,5,May,Qtr 2,3
124,2017-05-04,2017,5,May,Qtr 2,4
125,2017-05-05,2017,5,May,Qtr 2,5
126,2017-05-06,2017,5,May,Qtr 2,6
127,2017-05-07,2017,5,May,Qtr 2,7
128,2017-05-08,2017,5,May,Qtr 2,8
129,2017-05-09,2017,5,May,Qtr 2,9
130,2017-05-10,2017,5,May,Qtr 2,10
131,2017-05-11,2017,5,May,Qtr 2,11
132,2017-05-12,2017,5,May,Qtr 2,12
133,2017-05-13,2017,5,May,Qtr 2,13
134,2017-05-14,2017,5,May,Qtr 2,14
135,2017-05-15,2017,5,May,Qtr 2,15
136,2017-05-16,2017,5,May,Qtr 2,16
137,2017-05-17,2017,5,May,Qtr 2,17
138,2017-05-18,2017,5,May,Qtr 2,18
139,2017-05-19,2017,5,May,Qtr 2,19
140,2017-05-20,2017,5,May,Qtr 2,20
141,2017-05-21,2017,5,May,Qtr 2,21
142,2017-05-22,2017,5,May,Qtr 2,22
143,2017-05-23,2017,5,May,Qtr 2,23
144,2017-05-24,2017,5,May,Qtr 2,24
145,2017-05-25,2017,5,May,Qtr 2,25
146,2017-05-26,2017,5,May,Qtr 2,26
147,2017-05-27,2017,5,May,Qtr 2,27
148,2017-05-28,2017,5,May,Qtr 2,28
149,2017-05-29,2017,5,May,Qtr 2,29
150,2017-05-30,2017,5,May,Qtr 2,30
151,2017-05-31,2017,5,May,Qtr 2,31
152,2017-06-01,2017,6,June,Qtr 2,1
153,2017-06-02,2017,6,June,Qtr 2,2
154,2017-06-03,2017,6,June,Qtr 2,3
155,2017-06-04,2017,6,June,Qtr 2,4
156,2017-06-05,2017,6,June,Qtr 2,5
157,2017-06-06,2017,6,June,Qtr 2,6
158,2017-06-07,2017,6,June,Qtr 2,7
159,2017-06-08,2017,6,June,Qtr 2,8
160,2017-06-09,2017,6,June,Qtr 2,9
161,2017-06-10,2017,6,June,Qtr 2,10
162,2017-06-11,2017,6,June,Qtr 2,11
163,2017-06-12,2017,6,June,Qtr 2,12
164,2017-06-13,2017,6,June,Qtr 2,13
165,2017-06-14,2017,6,June,Qtr 2,14
166,2017-06-15,2017,6,June,Qtr 2,15
167,2017-06-16,2017,6,June,Qtr 2,16
168,2017-06-17,2017,6,June,Qtr 2,17
169,2017-06-18,2017,6,June,Qtr 2,18
170,2017-06-19,2017,6,June,Qtr 2,19
171,2017-06-20,2017,6,June,Qtr 2,20
172,2017-06-21,2017,6,June,Qtr 2,21
173,2017-06-22,2017,6,June,Qtr 2,22
174,2017-06-23,2017,6,June,Qtr 2,23
175,2017-06-24,2017,6,June,Qtr 2,24
176,2017-06-25,2017,6,June,Qtr 2,25
177,2017-06-26,2017,6,June,Qtr 2,26
178,2017-06-27,2017,6,June,Qtr 2,27
179,2017-06-28,2017,6,June,Qtr 2,28
180,2017-06-29,2017,6,June,Qtr 2,29
181,2017-06-30,2017,6,June,Qtr 2,30
182,2017-07-01,2017,7,July,Qtr 3,1
183,2017-07-02,2017,7,July,Qtr 3,2
184,2017-07-03,2017,7,July,Qtr 3,3
185,2017-07-04,2017,7,July,Qtr 3,4
186,2017-07-05,2017,7,July,Qtr 3,5
187,2017-07-06,2017,7,July,Qtr 3,6
188,2017-07-07,2017,7,July,Qtr 3,7
189,2017-07-08,2017,7,July,Qtr 3,8
190,2017-07-09,2017,7,July,Qtr 3,9
191,2017-07-10,2017,7,July,Qtr 3,10
192,2017-07-11,2017,7,July,Qtr 3,11
193,2017-07-12,2017,7,July,Qtr 3,12
194,2017-07-13,2017,7,July,Qtr 3,13
195,2017-07-14,2017,7,July,Qtr 3,14
196,2017-07-15,2017,7,July,Qtr 3,15
197,2017-07-16,2017,7,July,Qtr 3,16
198,2017-07-17,2017,7,July,Qtr 3,17
199,2017-07-18,2017,7,July,Qtr 3,18
200,2017-07-19,2017,7,July,Qtr 3,19
201,2017-07-20,2017,7,July,Qtr 3,20
202,2017-07-21,2017,7,July,Qtr 3,21
203,2017-07-22,2017,7,July,Qtr 3,22
204,2017-07-23,2017,7,July,Qtr 3,23
205,2017-07-24,2017,7,July,Qtr 3,24
206,2017-07-25,2017,7,July,Qtr 3,25
207,2017-07-26,2017,7,July,Qtr 3,26
208,2017-07-27,2017,7,July,Qtr 3,27
209,2017-07-28,2017,7,July,Qtr 3,28
210,2017-07-29,2017,7,July,Qtr 3,29
211,2017-07-30,2017,7,July,Qtr 3,30
212,2017-07-31,2017,7,July,Qtr 3,31
213,2017-08-01,2017,8,August,Qtr 3,1
214,2017-08-02,2017,8,August,Qtr 3,2
215,2017-08-03,2017,8,August,Qtr 3,3
216,2017-08-04,2017,8,August,Qtr 3,4
217,2017-08-05,2017,8,August,Qtr 3,5
218,2017-08-06,2017,8,August,Qtr 3,6
219,2017-08-07,2017,8,August,Qtr 3,7
220,2017-08-08,2017,8,August,Qtr 3,8
221,2017-08-09,2017,8,August,Qtr 3,9
222,2017-08-10,2017,8,August,Qtr 3,10
223,2017-08-11,2017,8,August,Qtr 3,11
224,2017-08-12,2017,8,August,Qtr 3,12
225,2017-08-13,2017,8,August,Qtr 3,13
226,2017-08-14,2017,8,August,Qtr 3,14
227,2017-08-15,2017,8,August,Qtr 3,15
228,2017-08-16,2017,8,August,Qtr 3,16
229,2017-08-17,2017,8,August,Qtr 3,17
230,2017-08-18,2017,8,August,Qtr 3,18
231,2017-08-19,2017,8,August,Qtr 3,19
232,2017-08-20,2017,8,August,Qtr 3,20
233,2017-08-21,2017,8,August,Qtr 3,21
234,2017-08-22,2017,8,August,Qtr 3,22
235,2017-08-23,2017,8,August,Qtr 3,23
236,2017-08-24,2017,8,August,Qtr 3,24
237,2017-08-25,2017,8,August,Qtr 3,25
238,2017-08-26,2017,8,August,Qtr 3,26
239,2017-08-27,2017,8,August,Qtr 3,27
240,2017-08-28,2017,8,August,Qtr 3,28
241,2017-08-29,2017,8,August,Qtr 3,29
242,2017-08-30,2017,8,August,Qtr 3,30
243,2017-08-31,2017,8,August,Qtr 3,31
244,2017-09-01,2017,9,September,Qtr 3,1
245,2017-09-02,2017,9,September,Qtr 3,2
246,2017-09-03,2017,9,September,Qtr 3,3
247,2017-09-04,2017,9,September,Qtr 3,4
248,2017-09-05,2017,9,September,Qtr 3,5
249,2017-09-06,2017,9,September,Qtr 3,6
250,2017-09-07,2017,9,September,Qtr 3,7
251,2017-09-08,2017,9,September,Qtr 3,8
252,2017-09-09,2017,9,September,Qtr 3,9
253,2017-09-10,2017,9,September,Qtr 3,10
254,2017-09-11,2017,9,September,Qtr 3,11
255,2017-09-12,2017,9,September,Qtr 3,12
256,2017-09-13,2017,9,September,Qtr 3,13
257,2017-09-14,2017,9,September,Qtr 3,14
258,2017-09-15,2017,9,September,Qtr 3,15
259,2017-09-16,2017,9,September,Qtr 3,16
260,2017-09-17,2017,9,September,Qtr 3,17
261,2017-09-18,2017,9,September,Qtr 3,18
262,2017-09-19,2017,9,September,Qtr 3,19
263,2017-09-20,2017,9,September,Qtr 3,20
264,2017-09-21,2017,9,September,Qtr 3,21
265,2017-09-22,2017,9,September,Qtr 3,22
266,2017-09-23,2017,9,September,Qtr 3,23
267,2017-09-24,2017,9,September,Qtr 3,24
268,2017-09-25,2017,9,September,Qtr 3,25
269,2017-09-26,2017,9,September,Qtr 3,26
270,2017-09-27,2017,9,September,Qtr 3,27
271,2017-09-28,2017,9,September,Qtr 3,28
272,2017-09-29,2017,9,September,Qtr 3,29
273,2017-09-30,2017,9,September,Qtr 3,30
274,2017-10-01,2017,10,October,Qtr 4,1
275,2017-10-02,2017,10,October,Qtr 4,2
276,2017-10-03,2017,10,October,Qtr 4,3
277,2017-10-04,2017,10,October,Qtr 4,4
278,2017-10-05,2017,10,October,Qtr 4,5
279,2017-10-06,2017,10,October,Qtr 4,6
280,2017-10-07,2017,10,October,Qtr 4,7
281,2017-10-08,2017,10,October,Qtr 4,8
282,2017-10-09,2017,10,October,Qtr 4,9
283,2017-10-10,2017,10,October,Qtr 4,10
284,2017-10-11,2017,10,October,Qtr 4,11
285,2017-10-12,2017,10,October,Qtr 4,12
286,2017-10-13,2017,10,October,Qtr 4,13
287,2017-10-14,2017,10,October,Qtr 4,14
288,2017-10-15,2017,10,October,Qtr 4,15
289,2017-10-16,2017,10,October,Qtr 4,16
290,2017-10-17,2017,10,October,Qtr 4,17
291,2017-10-18,2017,10,October,Qtr 4,18
292,2017-10-19,2017,10,October,Qtr 4,19
293,2017-10-20,2017,10,October,Qtr 4,20
294,2017-10-21,2017,10,October,Qtr 4,21
295,2017-10-22,2017,10,October,Qtr 4,22
296,2017-10-23,2017,10,October,Qtr 4,23
297,2017-10-24,2017,10,October,Qtr 4,24
298,2017-10-25,2017,10,October,Qtr 4,25
299,2017-10-26,2017,10,October,Qtr 4,26
300,2017-10-27,2017,10,October,Qtr 4,27
301,2017-10-28,2017,10,October,Qtr 4,28
302,2017-10-29,2017,10,October,Qtr 4,29
303,2017-10-30,2017,10,October,Qtr 4,30
304,2017-10-31,2017,10,October,Qtr 4,31
305,2017-11-01,2017,11,November,Qtr 4,1
306,2017-11-02,2017,11,November,Qtr 4,2
307,2017-11-03,2017,11,November,Qtr 4,3
308,2017-11-04,2017,11,November,Qtr 4,4
309,2017-11-05,2017,11,November,Qtr 4,5
310,2017-11-06,2017,11,November,Qtr 4,6
311,2017-11-07,2017,11,November,Qtr 4,7
312,2017-11-08,2017,11,November,Qtr 4,8
313,2017-11-09,2017,11,November,Qtr 4,9
314,2017-11-10,2017,11,November,Qtr 4,10
315,2017-11-11,2017,11,November,Qtr 4,11
316,2017-11-12,2017,11,November,Qtr 4,12
317,2017-11-13,2017,11,November,Qtr 4,13
318,2017-11-14,2017,11,November,Qtr 4,14
319,2017-11-15,2017,11,November,Qtr 4,15
320,2017-11-16,2017,11,November,Qtr 4,16
321,2017-11-17,2017,11,November,Qtr 4,17
322,2017-11-18,2017,11,November,Qtr 4,18
323,2017-11-19,2017,11,November,Qtr 4,19
324,2017-11-20,2017,11,November,Qtr 4,20
325,2017-11-21,2017,11,November,Qtr 4,21
326,2017-11-22,2017,11,November,Qtr 4,22
327,2017-11-23,2017,11,November,Qtr 4,23
328,2017-11-24,2017,11,November,Qtr 4,24
329,2017-11-25,2017,11,November,Qtr 4,25
330,2017-11-26,2017,11,November,Qtr 4,26
331,2017-11-27,2017,11,November,Qtr 4,27
332,2017-11-28,2017,11,November,Qtr 4,28
333,2017-11-29,2017,11,November,Qtr 4,29
334,2017-11-30,2017,11,November,Qtr 4,30
335,2017-12-01,2017,12,December,Qtr 4,1
336,2017-12-02,2017,12,December,Qtr 4,2
337,2017-12-03,2017,12,December,Qtr 4,3
338,2017-12-04,2017,12,December,Qtr 4,4
339,2017-12-05,2017,12,December,Qtr 4,5
340,2017-12-06,2017,12,December,Qtr 4,6
341,2017-12-07,2017,12,December,Qtr 4,7
342,2017-12-08,2017,12,December,Qtr 4,8
343,2017-12-09,2017,12,December,Qtr 4,9
344,2017-12-10,2017,12,December,Qtr 4,10
345,2017-12-11,2017,12,December,Qtr 4,11
346,2017-12-12,2017,12,December,Qtr 4,12
347,2017-12-13,2017,12,December,Qtr 4,13
348,2017-12-14,2017,12,December,Qtr 4,14
349,2017-12-15,2017,12,December,Qtr 4,15
350,2017-12-16,2017,12,December,Qtr 4,16
351,2017-12-17,2017,12,December,Qtr 4,17
352,2017-12-18,2017,12,December,Qtr 4,18
353,2017-12-19,2017,12,December,Qtr 4,19
354,2017-12-20,2017,12,December,Qtr 4,20
355,2017-12-21,2017,12,December,Qtr 4,21
356,2017-12-22,2017,12,December,Qtr 4,22
357,2017-12-23,2017,12,December,Qtr 4,23
358,2017-12-24,2017,12,December,Qtr 4,24
359,2017-12-25,2017,12,December,Qtr 4,25
360,2017-12-26,2017,12,December,Qtr 4,26
361,2017-12-27,2017,12,December,Qtr 4,27
362,2017-12-28,2017,12,December,Qtr 4,28
363,2017-12-29,2017,12,December,Qtr 4,29
364,2017-12-30,2017,12,December,Qtr 4,30
365,2017-12-31,2017,12,December,Qtr 4,31
366,2018-01-01,2018,1,January,Qtr 1,1
367,2018-01-02,2018,1,January,Qtr 1,2
368,2018-01-03,2018,1,January,Qtr 1,3
369,2018-01-04,2018,1,January,Qtr 1,4
370,2018-01-05,2018,1,January,Qtr 1,5
371,2018-01-06,2018,1,January,Qtr 1,6
372,2018-01-07,2018,1,January,Qtr 1,7
373,2018-01-08,2018,1,January,Qtr 1,8
374,2018-01-09,2018,1,January,Qtr 1,9
375,2018-01-10,2018,1,January,Qtr 1,10
376,2018-01-11,2018,1,January,Qtr 1,11
377,2018-01-12,2018,1,January,Qtr 1,12
378,2018-01-13,2018,1,January,Qtr 1,13
379,2018-01-14,2018,1,January,Qtr 1,14
380,2018-01-15,2018,1,January,Qtr 1,15
381,2018-01-16,2018,1,January,Qtr 1,16
382,2018-01-17,2018,1,January,Qtr 1,17
383,2018-01-18,2018,1,January,Qtr 1,18
384,2018-01-19,2018,1,January,Qtr 1,19
385,2018-01-20,2018,1,January,Qtr 1,20
386,2018-01-21,2018,1,January,Qtr 1,21
387,2018-01-22,2018,1,January,Qtr 1,22
388,2018-01-23,2018,1,January,Qtr 1,23
389,2018-01-24,2018,1,January,Qtr 1,24
390,2018-01-25,2018,1,January,Qtr 1,25
391,2018-01-26,2018,1,January,Qtr 1,26
392,2018-01-27,2018,1,January,Qtr 1,27
393,2018-01-28,2018,1,January,Qtr 1,28
394,2018-01-29,2018,1,January,Qtr 1,29
395,2018-01-30,2018,1,January,Qtr 1,30
396,2018-01-31,2018,1,January,Qtr 1,31
397,2018-02-01,2018,2,February,Qtr 1,1
398,2018-02-02,2018,2,February,Qtr 1,2
399,2018-02-03,2018,2,February,Qtr 1,3
400,2018-02-04,2018,2,February,Qtr 1,4
401,2018-02-05,2018,2,February,Qtr 1,5
402,2018-02-06,2018,2,February,Qtr 1,6
403,2018-02-07,2018,2,February,Qtr 1,7
404,2018-02-08,2018,2,February,Qtr 1,8
405,2018-02-09,2018,2,February,Qtr 1,9
406,2018-02-10,2018,2,February,Qtr 1,10
407,2018-02-11,2018,2,February,Qtr 1,11
408,2018-02-12,2018,2,February,Qtr 1,12
409,2018-02-13,2018,2,February,Qtr 1,13
410,2018-02-14,2018,2,February,Qtr 1,14
411,2018-02-15,2018,2,February,Qtr 1,15
412,2018-02-16,2018,2,February,Qtr 1,16
413,2018-02-17,2018,2,February,Qtr 1,17
414,2018-02-18,2018,2,February,Qtr 1,18
415,2018-02-19,2018,2,February,Qtr 1,19
416,2018-02-20,2018,2,February,Qtr 1,20
417,2018-02-21,2018,2,February,Qtr 1,21
418,2018-02-22,2018,2,February,Qtr 1,22
419,2018-02-23,2018,2,February,Qtr 1,23
420,2018-02-24,2018,2,February,Qtr 1,24
421,2018-02-25,2018,2,February,Qtr 1,25
422,2018-02-26,2018,2,February,Qtr 1,26
423,2018-02-27,2018,2,February,Qtr 1,27
424,2018-02-28,2018,2,February,Qtr 1,28
425,2018-03-01,2018,3,March,Qtr 1,1
426,2018-03-02,2018,3,March,Qtr 1,2
427,2018-03-03,2018,3,March,Qtr 1,3
428,2018-03-04,2018,3,March,Qtr 1,4
429,2018-03-05,2018,3,March,Qtr 1,5
430,2018-03-06,2018,3,March,Qtr 1,6
431,2018-03-07,2018,3,March,Qtr 1,7
432,2018-03-08,2018,3,March,Qtr 1,8
433,2018-03-09,2018,3,March,Qtr 1,9
434,2018-03-10,2018,3,March,Qtr 1,10
435,2018-03-11,2018,3,March,Qtr 1,11
436,2018-03-12,2018,3,March,Qtr 1,12
437,2018-03-13,2018,3,March,Qtr 1,13
438,2018-03-14,2018,3,March,Qtr 1,14
439,2018-03-15,2018,3,March,Qtr 1,15
440,2018-03-16,2018,3,March,Qtr 1,16
441,2018-03-17,2018,3,March,Qtr 1,17
442,2018-03-18,2018,3,March,Qtr 1,18
443,2018-03-19,2018,3,March,Qtr 1,19
444,2018-03-20,2018,3,March,Qtr 1,20
445,2018-03-21,2018,3,March,Qtr 1,21
446,2018-03-22,2018,3,March,Qtr 1,22
447,2018-03-23,2018,3,March,Qtr 1,23
448,2018-03-24,2018,3,March,Qtr 1,24
449,2018-03-25,2018,3,March,Qtr 1,25
450,2018-03-26,2018,3,March,Qtr 1,26
451,2018-03-27,2018,3,March,Qtr 1,27
452,2018-03-28,2018,3,March,Qtr 1,28
453,2018-03-29,2018,3,March,Qtr 1,29
454,2018-03-30,2018,3,March,Qtr 1,30
455,2018-03-31,2018,3,March,Qtr 1,31
456,2018-04-01,2018,4,April,Qtr 2,1
457,2018-04-02,2018,4,April,Qtr 2,2
458,2018-04-03,2018,4,April,Qtr 2,3
459,2018-04-04,2018,4,April,Qtr 2,4
460,2018-04-05,2018,4,April,Qtr 2,5
461,2018-04-06,2018,4,April,Qtr 2,6
462,2018-04-07,2018,4,April,Qtr 2,7
463,2018-04-08,2018,4,April,Qtr 2,8
464,2018-04-09,2018,4,April,Qtr 2,9
465,2018-04-10,2018,4,April,Qtr 2,10
466,2018-04-11,2018,4,April,Qtr 2,11
467,2018-04-12,2018,4,April,Qtr 2,12
468,2018-04-13,2018,4,April,Qtr 2,13
469,2018-04-14,2018,4,April,Qtr 2,14
470,2018-04-15,2018,4,April,Qtr 2,15
471,2018-04-16,2018,4,April,Qtr 2,16
472,2018-04-17,2018,4,April,Qtr 2,17
473,2018-04-18,2018,4,April,Qtr 2,18
474,2018-04-19,2018,4,April,Qtr 2,19
475,2018-04-20,2018,4,April,Qtr 2,20
476,2018-04-21,2018,4,April,Qtr 2,21
477,2018-04-22,2018,4,April,Qtr 2,22
478,2018-04-23,2018,4,April,Qtr 2,23
479,2018-04-24,2018,4,April,Qtr 2,24
480,2018-04-25,2018,4,April,Qtr 2,25
481,2018-04-26,2018,4,April,Qtr 2,26
482,2018-04-27,2018,4,April,Qtr 2,27
483,2018-04-28,2018,4,April,Qtr 2,28
484,2018-04-29,2018,4,April,Qtr 2,29
485,2018-04-30,2018,4,April,Qtr 2,30
486,2018-05-01,2018,5,May,Qtr 2,1
487,2018-05-02,2018,5,May,Qtr 2,2
488,2018-05-03,2018,5,May,Qtr 2,3
489,2018-05-04,2018,5,May,Qtr 2,4
490,2018-05-05,2018,5,May,Qtr 2,5
491,2018-05-06,2018,5,May,Qtr 2,6
492,2018-05-07,2018,5,May,Qtr 2,7
493,2018-05-08,2018,5,May,Qtr 2,8
494,2018-05-09,2018,5,May,Qtr 2,9
495,2018-05-10,2018,5,May,Qtr 2,10
496,2018-05-11,2018,5,May,Qtr 2,11
497,2018-05-12,2018,5,May,Qtr 2,12
498,2018-05-13,2018,5,May,Qtr 2,13
499,2018-05-14,2018,5,May,Qtr 2,14
500,2018-05-15,2018,5,May,Qtr 2,15
501,2018-05-16,2018,5,May,Qtr 2,16
502,2018-05-17,2018,5,May,Qtr 2,17
503,2018-05-18,2018,5,May,Qtr 2,18
504,2018-05-19,2018,5,May,Qtr 2,19
505,2018-05-20,2018,5,May,Qtr 2,20
506,2018-05-21,2018,5,May,Qtr 2,21
507,2018-05-22,2018,5,May,Qtr 2,22
508,2018-05-23,2018,5,May,Qtr 2,23
509,2018-05-24,2018,5,May,Qtr 2,24
510,2018-05-25,2018,5,May,Qtr 2,25
511,2018-05-26,2018,5,May,Qtr 2,26
512,2018-05-27,2018,5,May,Qtr 2,27
513,2018-05-28,2018,5,May,Qtr 2,28
514,2018-05-29,2018,5,May,Qtr 2,29
515,2018-05-30,2018,5,May,Qtr 2,30
516,2018-05-31,2018,5,May,Qtr 2,31
517,2018-06-01,2018,6,June,Qtr 2,1
518,2018-06-02,2018,6,June,Qtr 2,2
519,2018-06-03,2018,6,June,Qtr 2,3
520,2018-06-04,2018,6,June,Qtr 2,4
521,2018-06-05,2018,6,June,Qtr 2,5
522,2018-06-06,2018,6,June,Qtr 2,6
523,2018-06-07,2018,6,June,Qtr 2,7
524,2018-06-08,2018,6,June,Qtr 2,8
525,2018-06-09,2018,6,June,Qtr 2,9
526,2018-06-10,2018,6,June,Qtr 2,10
527,2018-06-11,2018,6,June,Qtr 2,11
528,2018-06-12,2018,6,June,Qtr 2,12
529,2018-06-13,2018,6,June,Qtr 2,13
530,2018-06-14,2018,6,June,Qtr 2,14
531,2018-06-15,2018,6,June,Qtr 2,15
532,2018-06-16,2018,6,June,Qtr 2,16
533,2018-06-17,2018,6,June,Qtr 2,17
534,2018-06-18,2018,6,June,Qtr 2,18
535,2018-06-19,2018,6,June,Qtr 2,19
536,2018-06-20,2018,6,June,Qtr 2,20
537,2018-06-21,2018,6,June,Qtr 2,21
538,2018-06-22,2018,6,June,Qtr 2,22
539,2018-06-23,2018,6,June,Qtr 2,23
540,2018-06-24,2018,6,June,Qtr 2,24
541,2018-06-25,2018,6,June,Qtr 2,25
542,2018-06-26,2018,6,June,Qtr 2,26
543,2018-06-27,2018,6,June,Qtr 2,27
544,2018-06-28,2018,6,June,Qtr 2,28
545,2018-06-29,2018,6,June,Qtr 2,29
546,2018-06-30,2018,6,June,Qtr 2,30
547,2018-07-01,2018,7,July,Qtr 3,1
548,2018-07-02,2018,7,July,Qtr 3,2
549,2018-07-03,2018,7,July,Qtr 3,3
550,2018-07-04,2018,7,July,Qtr 3,4
551,2018-07-05,2018,7,July,Qtr 3,5
552,2018-07-06,2018,7,July,Qtr 3,6
553,2018-07-07,2018,7,July,Qtr 3,7
554,2018-07-08,2018,7,July,Qtr 3,8
555,2018-07-09,2018,7,July,Qtr 3,9
556,2018-07-10,2018,7,July,Qtr 3,10
557,2018-07-11,2018,7,July,Qtr 3,11
558,2018-07-12,2018,7,July,Qtr 3,12
559,2018-07-13,2018,7,July,Qtr 3,13
560,2018-07-14,2018,7,July,Qtr 3,14
561,2018-07-15,2018,7,July,Qtr 3,15
562,2018-07-16,2018,7,July,Qtr 3,16
563,2018-07-17,2018,7,July,Qtr 3,17
564,2018-07-18,2018,7,July,Qtr 3,18
565,2018-07-19,2018,7,July,Qtr 3,19
566,2018-07-20,2018,7,July,Qtr 3,20
567,2018-07-21,2018,7,July,Qtr 3,21
568,2018-07-22,2018,7,July,Qtr 3,22
569,2018-07-23,2018,7,July,Qtr 3,23
570,2018-07-24,2018,7,July,Qtr 3,24
571,2018-07-25,2018,7,July,Qtr 3,25
572,2018-07-26,2018,7,July,Qtr 3,26
573,2018-07-27,2018,7,July,Qtr 3,27
574,2018-07-28,2018,7,July,Qtr 3,28
575,2018-07-29,2018,7,July,Qtr 3,29
576,2018-07-30,2018,7,July,Qtr 3,30
577,2018-07-31,2018,7,July,Qtr 3,31
578,2018-08-01,2018,8,August,Qtr 3,1
579,2018-08-02,2018,8,August,Qtr 3,2
580,2018-08-03,2018,8,August,Qtr 3,3
581,2018-08-04,2018,8,August,Qtr 3,4
582,2018-08-05,2018,8,August,Qtr 3,5
583,2018-08-06,2018,8,August,Qtr 3,6
584,2018-08-07,2018,8,August,Qtr 3,7
585,2018-08-08,2018,8,August,Qtr 3,8
586,2018-08-09,2018,8,August,Qtr 3,9
587,2018-08-10,2018,8,August,Qtr 3,10
588,2018-08-11,2018,8,August,Qtr 3,11
589,2018-08-12,2018,8,August,Qtr 3,12
590,2018-08-13,2018,8,August,Qtr 3,13
591,2018-08-14,2018,8,August,Qtr 3,14
592,2018-08-15,2018,8,August,Qtr 3,15
593,2018-08-16,2018,8,August,Qtr 3,16
594,2018-08-17,2018,8,August,Qtr 3,17
595,2018-08-18,2018,8,August,Qtr 3,18
596,2018-08-19,2018,8,August,Qtr 3,19
597,2018-08-20,2018,8,August,Qtr 3,20
598,2018-08-21,2018,8,August,Qtr 3,21
599,2018-08-22,2018,8,August,Qtr 3,22
600,2018-08-23,2018,8,August,Qtr 3,23
601,2018-08-24,2018,8,August,Qtr 3,24
602,2018-08-25,2018,8,August,Qtr 3,25
603,2018-08-26,2018,8,August,Qtr 3,26
604,2018-08-27,2018,8,August,Qtr 3,27
605,2018-08-28,2018,8,August,Qtr 3,28
606,2018-08-29,2018,8,August,Qtr 3,29
607,2018-08-30,2018,8,August,Qtr 3,30
608,2018-08-31,2018,8,August,Qtr 3,31
609,2018-09-01,2018,9,September,Qtr 3,1
610,2018-09-02,2018,9,September,Qtr 3,2
611,2018-09-03,2018,9,September,Qtr 3,3
612,2018-09-04,2018,9,September,Qtr 3,4
613,2018-09-05,2018,9,September,Qtr 3,5
614,2018-09-06,2018,9,September,Qtr 3,6
615,2018-09-07,2018,9,September,Qtr 3,7
616,2018-09-08,2018,9,September,Qtr 3,8
617,2018-09-09,2018,9,September,Qtr 3,9
618,2018-09-10,2018,9,September,Qtr 3,10
619,2018-09-11,2018,9,September,Qtr 3,11
620,2018-09-12,2018,9,September,Qtr 3,12
621,2018-09-13,2018,9,September,Qtr 3,13
622,2018-09-14,2018,9,September,Qtr 3,14
623,2018-09-15,2018,9,September,Qtr 3,15
624,2018-09-16,2018,9,September,Qtr 3,16
625,2018-09-17,2018,9,September,Qtr 3,17
626,2018-09-18,2018,9,September,Qtr 3,18
627,2018-09-19,2018,9,September,Qtr 3,19
628,2018-09-20,2018,9,September,Qtr 3,20
629,2018-09-21,2018,9,September,Qtr 3,21
630,2018-09-22,2018,9,September,Qtr 3,22
631,2018-09-23,2018,9,September,Qtr 3,23
632,2018-09-24,2018,9,September,Qtr 3,24
633,2018-09-25,2018,9,September,Qtr 3,25
634,2018-09-26,2018,9,September,Qtr 3,26
635,2018-09-27,2018,9,September,Qtr 3,27
636,2018-09-28,2018,9,September,Qtr 3,28
637,2018-09-29,2018,9,September,Qtr 3,29
638,2018-09-30,2018,9,September,Qtr 3,30
639,2018-10-01,2018,10,October,Qtr 4,1
640,2018-10-02,2018,10,October,Qtr 4,2
641,2018-10-03,2018,10,October,Qtr 4,3
642,2018-10-04,2018,10,October,Qtr 4,4
643,2018-10-05,2018,10,October,Qtr 4,5
644,2018-10-06,2018,10,October,Qtr 4,6
645,2018-10-07,2018,10,October,Qtr 4,7
646,2018-10-08,2018,10,October,Qtr 4,8
647,2018-10-09,2018,10,October,Qtr 4,9
648,2018-10-10,2018,10,October,Qtr 4,10
649,2018-10-11,2018,10,October,Qtr 4,11
650,2018-10-12,2018,10,October,Qtr 4,12
651,2018-10-13,2018,10,October,Qtr 4,13
652,2018-10-14,2018,10,October,Qtr 4,14
653,2018-10-15,2018,10,October,Qtr 4,15
654,2018-10-16,2018,10,October,Qtr 4,16
655,2018-10-17,2018,10,October,Qtr 4,17
656,2018-10-18,2018,10,October,Qtr 4,18
657,2018-10-19,2018,10,October,Qtr 4,19
658,2018-10-20,2018,10,October,Qtr 4,20
659,2018-10-21,2018,10,October,Qtr 4,21
660,2018-10-22,2018,10,October,Qtr 4,22
661,2018-10-23,2018,10,October,Qtr 4,23
662,2018-10-24,2018,10,October,Qtr 4,24
663,2018-10-25,2018,10,October,Qtr 4,25
664,2018-10-26,2018,10,October,Qtr 4,26
665,2018-10-27,2018,10,October,Qtr 4,27
666,2018-10-28,2018,10,October,Qtr 4,28
667,2018-10-29,2018,10,October,Qtr 4,29
668,2018-10-30,2018,10,October,Qtr 4,30
669,2018-10-31,2018,10,October,Qtr 4,31
670,2018-11-01,2018,11,November,Qtr 4,1
671,2018-11-02,2018,11,November,Qtr 4,2
672,2018-11-03,2018,11,November,Qtr 4,3
673,2018-11-04,2018,11,November,Qtr 4,4
674,2018-11-05,2018,11,November,Qtr 4,5
675,2018-11-06,2018,11,November,Qtr 4,6
676,2018-11-07,2018,11,November,Qtr 4,7
677,2018-11-08,2018,11,November,Qtr 4,8
678,2018-11-09,2018,11,November,Qtr 4,9
679,2018-11-10,2018,11,November,Qtr 4,10
680,2018-11-11,2018,11,November,Qtr 4,11
681,2018-11-12,2018,11,November,Qtr 4,12
682,2018-11-13,2018,11,November,Qtr 4,13
683,2018-11-14,2018,11,November,Qtr 4,14
684,2018-11-15,2018,11,November,Qtr 4,15
685,2018-11-16,2018,11,November,Qtr 4,16
686,2018-11-17,2018,11,November,Qtr 4,17
687,2018-11-18,2018,11,November,Qtr 4,18
688,2018-11-19,2018,11,November,Qtr 4,19
689,2018-11-20,2018,11,November,Qtr 4,20
690,2018-11-21,2018,11,November,Qtr 4,21
691,2018-11-22,2018,11,November,Qtr 4,22
692,2018-11-23,2018,11,November,Qtr 4,23
693,2018-11-24,2018,11,November,Qtr 4,24
694,2018-11-25,2018,11,November,Qtr 4,25
695,2018-11-26,2018,11,November,Qtr 4,26
696,2018-11-27,2018,11,November,Qtr 4,27
697,2018-11-28,2018,11,November,Qtr 4,28
698,2018-11-29,2018,11,November,Qtr 4,29
699,2018-11-30,2018,11,November,Qtr 4,30
700,2018-12-01,2018,12,December,Qtr 4,1
701,2018-12-02,2018,12,December,Qtr 4,2
702,2018-12-03,2018,12,December,Qtr 4,3
703,2018-12-04,2018,12,December,Qtr 4,4
704,2018-12-05,2018,12,December,Qtr 4,5
705,2018-12-06,2018,12,December,Qtr 4,6
706,2018-12-07,2018,12,December,Qtr 4,7
707,2018-12-08,2018,12,December,Qtr 4,8
708,2018-12-09,2018,12,December,Qtr 4,9
709,2018-12-10,2018,12,December,Qtr 4,10
710,2018-12-11,2018,12,December,Qtr 4,11
711,2018-12-12,2018,12,December,Qtr 4,12
712,2018-12-13,2018,12,December,Qtr 4,13
713,2018-12-14,2018,12,December,Qtr 4,14
714,2018-12-15,2018,12,December,Qtr 4,15
715,2018-12-16,2018,12,December,Qtr 4,16
716,2018-12-17,2018,12,December,Qtr 4,17
717,2018-12-18,2018,12,December,Qtr 4,18
718,2018-12-19,2018,12,December,Qtr 4,19
719,2018-12-20,2018,12,December,Qtr 4,20
720,2018-12-21,2018,12,December,Qtr 4,21
721,2018-12-22,2018,12,December,Qtr 4,22
722,2018-12-23,2018,12,December,Qtr 4,23
723,2018-12-24,2018,12,December,Qtr 4,24
724,2018-12-25,2018,12,December,Qtr 4,25
725,2018-12-26,2018,12,December,Qtr 4,26
726,2018-12-27,2018,12,December,Qtr 4,27
727,2018-12-28,2018,12,December,Qtr 4,28
728,2018-12-29,2018,12,December,Qtr 4,29
729,2018-12-30,2018,12,December,Qtr 4,30
730,2018-12-31,2018,12,December,Qtr 4,31
731,2019-01-01,2019,1,January,Qtr 1,1
732,2019-01-02,2019,1,January,Qtr 1,2
733,2019-01-03,2019,1,January,Qtr 1,3
734,2019-01-04,2019,1,January,Qtr 1,4
735,2019-01-05,2019,1,January,Qtr 1,5
736,2019-01-06,2019,1,January,Qtr 1,6
737,2019-01-07,2019,1,January,Qtr 1,7
738,2019-01-08,2019,1,January,Qtr 1,8
739,2019-01-09,2019,1,January,Qtr 1,9
740,2019-01-10,2019,1,January,Qtr 1,10
741,2019-01-11,2019,1,January,Qtr 1,11
742,2019-01-12,2019,1,January,Qtr 1,12
743,2019-01-13,2019,1,January,Qtr 1,13
744,2019-01-14,2019,1,January,Qtr 1,14
745,2019-01-15,2019,1,January,Qtr 1,15
746,2019-01-16,2019,1,January,Qtr 1,16
747,2019-01-17,2019,1,January,Qtr 1,17
748,2019-01-18,2019,1,January,Qtr 1,18
749,2019-01-19,2019,1,January,Qtr 1,19
750,2019-01-20,2019,1,January,Qtr 1,20
751,2019-01-21,2019,1,January,Qtr 1,21
752,2019-01-22,2019,1,January,Qtr 1,22
753,2019-01-23,2019,1,January,Qtr 1,23
754,2019-01-24,2019,1,January,Qtr 1,24
755,2019-01-25,2019,1,January,Qtr 1,25
756,2019-01-26,2019,1,January,Qtr 1,26
757,2019-01-27,2019,1,January,Qtr 1,27
758,2019-01-28,2019,1,January,Qtr 1,28
759,2019-01-29,2019,1,January,Qtr 1,29
760,2019-01-30,2019,1,January,Qtr 1,30
761,2019-01-31,2019,1,January,Qtr 1,31
762,2019-02-01,2019,2,February,Qtr 1,1
763,2019-02-02,2019,2,February,Qtr 1,2
764,2019-02-03,2019,2,February,Qtr 1,3
765,2019-02-04,2019,2,February,Qtr 1,4
766,2019-02-05,2019,2,February,Qtr 1,5
767,2019-02-06,2019,2,February,Qtr 1,6
768,2019-02-07,2019,2,February,Qtr 1,7
769,2019-02-08,2019,2,February,Qtr 1,8
770,2019-02-09,2019,2,February,Qtr 1,9
771,2019-02-10,2019,2,February,Qtr 1,10
772,2019-02-11,2019,2,February,Qtr 1,11
773,2019-02-12,2019,2,February,Qtr 1,12
774,2019-02-13,2019,2,February,Qtr 1,13
775,2019-02-14,2019,2,February,Qtr 1,14
776,2019-02-15,2019,2,February,Qtr 1,15
777,2019-02-16,2019,2,February,Qtr 1,16
778,2019-02-17,2019,2,February,Qtr 1,17
779,2019-02-18,2019,2,February,Qtr 1,18
780,2019-02-19,2019,2,February,Qtr 1,19
781,2019-02-20,2019,2,February,Qtr 1,20
782,2019-02-21,2019,2,February,Qtr 1,21
783,2019-02-22,2019,2,February,Qtr 1,22
784,2019-02-23,2019,2,February,Qtr 1,23
785,2019-02-24,2019,2,February,Qtr 1,24
786,2019-02-25,2019,2,February,Qtr 1,25
787,2019-02-26,2019,2,February,Qtr 1,26
788,2019-02-27,2019,2,February,Qtr 1,27
789,2019-02-28,2019,2,February,Qtr 1,28
790,2019-03-01,2019,3,March,Qtr 1,1
791,2019-03-02,2019,3,March,Qtr 1,2
792,2019-03-03,2019,3,March,Qtr 1,3
793,2019-03-04,2019,3,March,Qtr 1,4
794,2019-03-05,2019,3,March,Qtr 1,5
795,2019-03-06,2019,3,March,Qtr 1,6
796,2019-03-07,2019,3,March,Qtr 1,7
797,2019-03-08,2019,3,March,Qtr 1,8
798,2019-03-09,2019,3,March,Qtr 1,9
799,2019-03-10,2019,3,March,Qtr 1,10
800,2019-03-11,2019,3,March,Qtr 1,11
801,2019-03-12,2019,3,March,Qtr 1,12
802,2019-03-13,2019,3,March,Qtr 1,13
803,2019-03-14,2019,3,March,Qtr 1,14
804,2019-03-15,2019,3,March,Qtr 1,15
805,2019-03-16,2019,3,March,Qtr 1,16
806,2019-03-17,2019,3,March,Qtr 1,17
807,2019-03-18,2019,3,March,Qtr 1,18
808,2019-03-19,2019,3,March,Qtr 1,19
809,2019-03-20,2019,3,March,Qtr 1,20
810,2019-03-21,2019,3,March,Qtr 1,21
811,2019-03-22,2019,3,March,Qtr 1,22
812,2019-03-23,2019,3,March,Qtr 1,23
813,2019-03-24,2019,3,March,Qtr 1,24
814,2019-03-25,2019,3,March,Qtr 1,25
815,2019-03-26,2019,3,March,Qtr 1,26
816,2019-03-27,2019,3,March,Qtr 1,27
817,2019-03-28,2019,3,March,Qtr 1,28
818,2019-03-29,2019,3,March,Qtr 1,29
819,2019-03-30,2019,3,March,Qtr 1,30
820,2019-03-31,2019,3,March,Qtr 1,31
821,2019-04-01,2019,4,April,Qtr 2,1
822,2019-04-02,2019,4,April,Qtr 2,2
823,2019-04-03,2019,4,April,Qtr 2,3
824,2019-04-04,2019,4,April,Qtr 2,4
825,2019-04-05,2019,4,April,Qtr 2,5
826,2019-04-06,2019,4,April,Qtr 2,6
827,2019-04-07,2019,4,April,Qtr 2,7
828,2019-04-08,2019,4,April,Qtr 2,8
829,2019-04-09,2019,4,April,Qtr 2,9
830,2019-04-10,2019,4,April,Qtr 2,10
831,2019-04-11,2019,4,April,Qtr 2,11
832,2019-04-12,2019,4,April,Qtr 2,12
833,2019-04-13,2019,4,April,Qtr 2,13
834,2019-04-14,2019,4,April,Qtr 2,14
835,2019-04-15,2019,4,April,Qtr 2,15
836,2019-04-16,2019,4,April,Qtr 2,16
837,2019-04-17,2019,4,April,Qtr 2,17
838,2019-04-18,2019,4,April,Qtr 2,18
839,2019-04-19,2019,4,April,Qtr 2,19
840,2019-04-20,2019,4,April,Qtr 2,20
841,2019-04-21,2019,4,April,Qtr 2,21
842,2019-04-22,2019,4,April,Qtr 2,22
843,2019-04-23,2019,4,April,Qtr 2,23
844,2019-04-24,2019,4,April,Qtr 2,24
845,2019-04-25,2019,4,April,Qtr 2,25
846,2019-04-26,2019,4,April,Qtr 2,26
847,2019-04-27,2019,4,April,Qtr 2,27
848,2019-04-28,2019,4,April,Qtr 2,28
849,2019-04-29,2019,4,April,Qtr 2,29
850,2019-04-30,2019,4,April,Qtr 2,30
851,2019-05-01,2019,5,May,Qtr 2,1
852,2019-05-02,2019,5,May,Qtr 2,2
853,2019-05-03,2019,5,May,Qtr 2,3
854,2019-05-04,2019,5,May,Qtr 2,4
855,2019-05-05,2019,5,May,Qtr 2,5
856,2019-05-06,2019,5,May,Qtr 2,6
857,2019-05-07,2019,5,May,Qtr 2,7
858,2019-05-08,2019,5,May,Qtr 2,8
859,2019-05-09,2019,5,May,Qtr 2,9
860,2019-05-10,2019,5,May,Qtr 2,10
861,2019-05-11,2019,5,May,Qtr 2,11
862,2019-05-12,2019,5,May,Qtr 2,12
863,2019-05-13,2019,5,May,Qtr 2,13
864,2019-05-14,2019,5,May,Qtr 2,14
865,2019-05-15,2019,5,May,Qtr 2,15
866,2019-05-16,2019,5,May,Qtr 2,16
867,2019-05-17,2019,5,May,Qtr 2,17
868,2019-05-18,2019,5,May,Qtr 2,18
869,2019-05-19,2019,5,May,Qtr 2,19
870,2019-05-20,2019,5,May,Qtr 2,20
871,2019-05-21,2019,5,May,Qtr 2,21
872,2019-05-22,2019,5,May,Qtr 2,22
873,2019-05-23,2019,5,May,Qtr 2,23
874,2019-05-24,2019,5,May,Qtr 2,24
875,2019-05-25,2019,5,May,Qtr 2,25
876,2019-05-26,2019,5,May,Qtr 2,26
877,2019-05-27,2019,5,May,Qtr 2,27
878,2019-05-28,2019,5,May,Qtr 2,28
879,2019-05-29,2019,5,May,Qtr 2,29
880,2019-05-30,2019,5,May,Qtr 2,30
881,2019-05-31,2019,5,May,Qtr 2,31
882,2019-06-01,2019,6,June,Qtr 2,1
883,2019-06-02,2019,6,June,Qtr 2,2
884,2019-06-03,2019,6,June,Qtr 2,3
885,2019-06-04,2019,6,June,Qtr 2,4
886,2019-06-05,2019,6,June,Qtr 2,5
887,2019-06-06,2019,6,June,Qtr 2,6
888,2019-06-07,2019,6,June,Qtr 2,7
889,2019-06-08,2019,6,June,Qtr 2,8
890,2019-06-09,2019,6,June,Qtr 2,9
891,2019-06-10,2019,6,June,Qtr 2,10
892,2019-06-11,2019,6,June,Qtr 2,11
893,2019-06-12,2019,6,June,Qtr 2,12
894,2019-06-13,2019,6,June,Qtr 2,13
895,2019-06-14,2019,6,June,Qtr 2,14
896,2019-06-15,2019,6,June,Qtr 2,15
897,2019-06-16,2019,6,June,Qtr 2,16
898,2019-06-17,2019,6,June,Qtr 2,17
899,2019-06-18,2019,6,June,Qtr 2,18
900,2019-06-19,2019,6,June,Qtr 2,19
901,2019-06-20,2019,6,June,Qtr 2,20
902,2019-06-21,2019,6,June,Qtr 2,21
903,2019-06-22,2019,6,June,Qtr 2,22
904,2019-06-23,2019,6,June,Qtr 2,23
905,2019-06-24,2019,6,June,Qtr 2,24
906,2019-06-25,2019,6,June,Qtr 2,25
907,2019-06-26,2019,6,June,Qtr 2,26
908,2019-06-27,2019,6,June,Qtr 2,27
909,2019-06-28,2019,6,June,Qtr 2,28
910,2019-06-29,2019,6,June,Qtr 2,29
911,2019-06-30,2019,6,June,Qtr 2,30
912,2019-07-01,2019,7,July,Qtr 3,1
913,2019-07-02,2019,7,July,Qtr 3,2
914,2019-07-03,2019,7,July,Qtr 3,3
915,2019-07-04,2019,7,July,Qtr 3,4
916,2019-07-05,2019,7,July,Qtr 3,5
917,2019-07-06,2019,7,July,Qtr 3,6
918,2019-07-07,2019,7,July,Qtr 3,7
919,2019-07-08,2019,7,July,Qtr 3,8
920,2019-07-09,2019,7,July,Qtr 3,9
921,2019-07-10,2019,7,July,Qtr 3,10
922,2019-07-11,2019,7,July,Qtr 3,11
923,2019-07-12,2019,7,July,Qtr 3,12
924,2019-07-13,2019,7,July,Qtr 3,13
925,2019-07-14,2019,7,July,Qtr 3,14
926,2019-07-15,2019,7,July,Qtr 3,15
927,2019-07-16,2019,7,July,Qtr 3,16
928,2019-07-17,2019,7,July,Qtr 3,17
929,2019-07-18,2019,7,July,Qtr 3,18
930,2019-07-19,2019,7,July,Qtr 3,19
931,2019-07-20,2019,7,July,Qtr 3,20
932,2019-07-21,2019,7,July,Qtr 3,21
933,2019-07-22,2019,7,July,Qtr 3,22
934,2019-07-23,2019,7,July,Qtr 3,23
935,2019-07-24,2019,7,July,Qtr 3,24
936,2019-07-25,2019,7,July,Qtr 3,25
937,2019-07-26,2019,7,July,Qtr 3,26
938,2019-07-27,2019,7,July,Qtr 3,27
939,2019-07-28,2019,7,July,Qtr 3,28
940,2019-07-29,2019,7,July,Qtr 3,29
941,2019-07-30,2019,7,July,Qtr 3,30
942,2019-07-31,2019,7,July,Qtr 3,31
943,2019-08-01,2019,8,August,Qtr 3,1
944,2019-08-02,2019,8,August,Qtr 3,2
945,2019-08-03,2019,8,August,Qtr 3,3
946,2019-08-04,2019,8,August,Qtr 3,4
947,2019-08-05,2019,8,August,Qtr 3,5
948,2019-08-06,2019,8,August,Qtr 3,6
949,2019-08-07,2019,8,August,Qtr 3,7
950,2019-08-08,2019,8,August,Qtr 3,8
951,2019-08-09,2019,8,August,Qtr 3,9
952,2019-08-10,2019,8,August,Qtr 3,10
953,2019-08-11,2019,8,August,Qtr 3,11
954,2019-08-12,2019,8,August,Qtr 3,12
955,2019-08-13,2019,8,August,Qtr 3,13
956,2019-08-14,2019,8,August,Qtr 3,14
957,2019-08-15,2019,8,August,Qtr 3,15
958,2019-08-16,2019,8,August,Qtr 3,16
959,2019-08-17,2019,8,August,Qtr 3,17
960,2019-08-18,2019,8,August,Qtr 3,18
961,2019-08-19,2019,8,August,Qtr 3,19
962,2019-08-20,2019,8,August,Qtr 3,20
963,2019-08-21,2019,8,August,Qtr 3,21
964,2019-08-22,2019,8,August,Qtr 3,22
965,2019-08-23,2019,8,August,Qtr 3,23
966,2019-08-24,2019,8,August,Qtr 3,24
967,2019-08-25,2019,8,August,Qtr 3,25
968,2019-08-26,2019,8,August,Qtr 3,26
969,2019-08-27,2019,8,August,Qtr 3,27
970,2019-08-28,2019,8,August,Qtr 3,28
971,2019-08-29,2019,8,August,Qtr 3,29
972,2019-08-30,2019,8,August,Qtr 3,30
973,2019-08-31,2019,8,August,Qtr 3,31
974,2019-09-01,2019,9,September,Qtr 3,1
975,2019-09-02,2019,9,September,Qtr 3,2
976,2019-09-03,2019,9,September,Qtr 3,3
977,2019-09-04,2019,9,September,Qtr 3,4
978,2019-09-05,2019,9,September,Qtr 3,5
979,2019-09-06,2019,9,September,Qtr 3,6
980,2019-09-07,2019,9,September,Qtr 3,7
981,2019-09-08,2019,9,September,Qtr 3,8
982,2019-09-09,2019,9,September,Qtr 3,9
983,2019-09-10,2019,9,September,Qtr 3,10
984,2019-09-11,2019,9,September,Qtr 3,11
985,2019-09-12,2019,9,September,Qtr 3,12
986,2019-09-13,2019,9,September,Qtr 3,13
987,2019-09-14,2019,9,September,Qtr 3,14
988,2019-09-15,2019,9,September,Qtr 3,15
989,2019-09-16,2019,9,September,Qtr 3,16
990,2019-09-17,2019,9,September,Qtr 3,17
991,2019-09-18,2019,9,September,Qtr 3,18
992,2019-09-19,2019,9,September,Qtr 3,19
993,2019-09-20,2019,9,September,Qtr 3,20
994,2019-09-21,2019,9,September,Qtr 3,21
995,2019-09-22,2019,9,September,Qtr 3,22
996,2019-09-23,2019,9,September,Qtr 3,23
997,2019-09-24,2019,9,September,Qtr 3,24
998,2019-09-25,2019,9,September,Qtr 3,25
999,2019-09-26,2019,9,September,Qtr 3,26
1000,2019-09-27,2019,9,September,Qtr 3,27
1001,2019-09-28,2019,9,September,Qtr 3,28
1002,2019-09-29,2019,9,September,Qtr 3,29
1003,2019-09-30,2019,9,September,Qtr 3,30
1004,2019-10-01,2019,10,October,Qtr 4,1
1005,2019-10-02,2019,10,October,Qtr 4,2
1006,2019-10-03,2019,10,October,Qtr 4,3
1007,2019-10-04,2019,10,October,Qtr 4,4
1008,2019-10-05,2019,10,October,Qtr 4,5
1009,2019-10-06,2019,10,October,Qtr 4,6
1010,2019-10-07,2019,10,October,Qtr 4,7
1011,2019-10-08,2019,10,October,Qtr 4,8
1012,2019-10-09,2019,10,October,Qtr 4,9
1013,2019-10-10,2019,10,October,Qtr 4,10
1014,2019-10-11,2019,10,October,Qtr 4,11
1015,2019-10-12,2019,10,October,Qtr 4,12
1016,2019-10-13,2019,10,October,Qtr 4,13
1017,2019-10-14,2019,10,October,Qtr 4,14
1018,2019-10-15,2019,10,October,Qtr 4,15
1019,2019-10-16,2019,10,October,Qtr 4,16
1020,2019-10-17,2019,10,October,Qtr 4,17
1021,2019-10-18,2019,10,October,Qtr 4,18
1022,2019-10-19,2019,10,October,Qtr 4,19
1023,2019-10-20,2019,10,October,Qtr 4,20
1024,2019-10-21,2019,10,October,Qtr 4,21
1025,2019-10-22,2019,10,October,Qtr 4,22
1026,2019-10-23,2019,10,October,Qtr 4,23
1027,2019-10-24,2019,10,October,Qtr 4,24
1028,2019-10-25,2019,10,October,Qtr 4,25
1029,2019-10-26,2019,10,October,Qtr 4,26
1030,2019-10-27,2019,10,October,Qtr 4,27
1031,2019-10-28,2019,10,October,Qtr 4,28
1032,2019-10-29,2019,10,October,Qtr 4,29
1033,2019-10-30,2019,10,October,Qtr 4,30
1034,2019-10-31,2019,10,October,Qtr 4,31
1035,2019-11-01,2019,11,November,Qtr 4,1
1036,2019-11-02,2019,11,November,Qtr 4,2
1037,2019-11-03,2019,11,November,Qtr 4,3
1038,2019-11-04,2019,11,November,Qtr 4,4
1039,2019-11-05,2019,11,November,Qtr 4,5
1040,2019-11-06,2019,11,November,Qtr 4,6
1041,2019-11-07,2019,11,November,Qtr 4,7
1042,2019-11-08,2019,11,November,Qtr 4,8
1043,2019-11-09,2019,11,November,Qtr 4,9
1044,2019-11-10,2019,11,November,Qtr 4,10
1045,2019-11-11,2019,11,November,Qtr 4,11
1046,2019-11-12,2019,11,November,Qtr 4,12
1047,2019-11-13,2019,11,November,Qtr 4,13
1048,2019-11-14,2019,11,November,Qtr 4,14
1049,2019-11-15,2019,11,November,Qtr 4,15
1050,2019-11-16,2019,11,November,Qtr 4,16
1051,2019-11-17,2019,11,November,Qtr 4,17
1052,2019-11-18,2019,11,November,Qtr 4,18
1053,2019-11-19,2019,11,November,Qtr 4,19
1054,2019-11-20,2019,11,November,Qtr 4,20
1055,2019-11-21,2019,11,November,Qtr 4,21
1056,2019-11-22,2019,11,November,Qtr 4,22
1057,2019-11-23,2019,11,November,Qtr 4,23
1058,2019-11-24,2019,11,November,Qtr 4,24
1059,2019-11-25,2019,11,November,Qtr 4,25
1060,2019-11-26,2019,11,November,Qtr 4,26
1061,2019-11-27,2019,11,November,Qtr 4,27
1062,2019-11-28,2019,11,November,Qtr 4,28
1063,2019-11-29,2019,11,November,Qtr 4,29
1064,2019-11-30,2019,11,November,Qtr 4,30
1065,2019-12-01,2019,12,December,Qtr 4,1
1066,2019-12-02,2019,12,December,Qtr 4,2
1067,2019-12-03,2019,12,December,Qtr 4,3
1068,2019-12-04,2019,12,December,Qtr 4,4
1069,2019-12-05,2019,12,December,Qtr 4,5
1070,2019-12-06,2019,12,December,Qtr 4,6
1071,2019-12-07,2019,12,December,Qtr 4,7
1072,2019-12-08,2019,12,December,Qtr 4,8
1073,2019-12-09,2019,12,December,Qtr 4,9
1074,2019-12-10,2019,12,December,Qtr 4,10
1075,2019-12-11,2019,12,December,Qtr 4,11
1076,2019-12-12,2019,12,December,Qtr 4,12
1077,2019-12-13,2019,12,December,Qtr 4,13
1078,2019-12-14,2019,12,December,Qtr 4,14
1079,2019-12-15,2019,12,December,Qtr 4,15
1080,2019-12-16,2019,12,December,Qtr 4,16
1081,2019-12-17,2019,12,December,Qtr 4,17
1082,2019-12-18,2019,12,December,Qtr 4,18
1083,2019-12-19,2019,12,December,Qtr 4,19
1084,2019-12-20,2019,12,December,Qtr 4,20
1085,2019-12-21,2019,12,December,Qtr 4,21
1086,2019-12-22,2019,12,December,Qtr 4,22
1087,2019-12-23,2019,12,December,Qtr 4,23
1088,2019-12-24,2019,12,December,Qtr 4,24
1089,2019-12-25,2019,12,December,Qtr 4,25
1090,2019-12-26,2019,12,December,Qtr 4,26
1091,2019-12-27,2019,12,December,Qtr 4,27
1092,2019-12-28,2019,12,December,Qtr 4,28
1093,2019-12-29,2019,12,December,Qtr 4,29
1094,2019-12-30,2019,12,December,Qtr 4,30
1095,2019-12-31,2019,12,December,Qtr 4,31
1096,2020-01-01,2020,1,January,Qtr 1,1
1097,2020-01-02,2020,1,January,Qtr 1,2
1098,2020-01-03,2020,1,January,Qtr 1,3
1099,2020-01-04,2020,1,January,Qtr 1,4
1100,2020-01-05,2020,1,January,Qtr 1,5
1101,2020-01-06,2020,1,January,Qtr 1,6
1102,2020-01-07,2020,1,January,Qtr 1,7
1103,2020-01-08,2020,1,January,Qtr 1,8
1104,2020-01-09,2020,1,January,Qtr 1,9
1105,2020-01-10,2020,1,January,Qtr 1,10
1106,2020-01-11,2020,1,January,Qtr 1,11
1107,2020-01-12,2020,1,January,Qtr 1,12
1108,2020-01-13,2020,1,January,Qtr 1,13
1109,2020-01-14,2020,1,January,Qtr 1,14
1110,2020-01-15,2020,1,January,Qtr 1,15
1111,2020-01-16,2020,1,January,Qtr 1,16
1112,2020-01-17,2020,1,January,Qtr 1,17
1113,2020-01-18,2020,1,January,Qtr 1,18
1114,2020-01-19,2020,1,January,Qtr 1,19
1115,2020-01-20,2020,1,January,Qtr 1,20
1116,2020-01-21,2020,1,January,Qtr 1,21
1117,2020-01-22,2020,1,January,Qtr 1,22
1118,2020-01-23,2020,1,January,Qtr 1,23
1119,2020-01-24,2020,1,January,Qtr 1,24
1120,2020-01-25,2020,1,January,Qtr 1,25
1121,2020-01-26,2020,1,January,Qtr 1,26
1122,2020-01-27,2020,1,January,Qtr 1,27
1123,2020-01-28,2020,1,January,Qtr 1,28
1124,2020-01-29,2020,1,January,Qtr 1,29
1125,2020-01-30,2020,1,January,Qtr 1,30
1126,2020-01-31,2020,1,January,Qtr 1,31
1127,2020-02-01,2020,2,February,Qtr 1,1
1128,2020-02-02,2020,2,February,Qtr 1,2
1129,2020-02-03,2020,2,February,Qtr 1,3
1130,2020-02-04,2020,2,February,Qtr 1,4
1131,2020-02-05,2020,2,February,Qtr 1,5
1132,2020-02-06,2020,2,February,Qtr 1,6
1133,2020-02-07,2020,2,February,Qtr 1,7
1134,2020-02-08,2020,2,February,Qtr 1,8
1135,2020-02-09,2020,2,February,Qtr 1,9
1136,2020-02-10,2020,2,February,Qtr 1,10
1137,2020-02-11,2020,2,February,Qtr 1,11
1138,2020-02-12,2020,2,February,Qtr 1,12
1139,2020-02-13,2020,2,February,Qtr 1,13
1140,2020-02-14,2020,2,February,Qtr 1,14
1141,2020-02-15,2020,2,February,Qtr 1,15
1142,2020-02-16,2020,2,February,Qtr 1,16
1143,2020-02-17,2020,2,February,Qtr 1,17
1144,2020-02-18,2020,2,February,Qtr 1,18
1145,2020-02-19,2020,2,February,Qtr 1,19
1146,2020-02-20,2020,2,February,Qtr 1,20
1147,2020-02-21,2020,2,February,Qtr 1,21
1148,2020-02-22,2020,2,February,Qtr 1,22
1149,2020-02-23,2020,2,February,Qtr 1,23
1150,2020-02-24,2020,2,February,Qtr 1,24
1151,2020-02-25,2020,2,February,Qtr 1,25
1152,2020-02-26,2020,2,February,Qtr 1,26
1153,2020-02-27,2020,2,February,Qtr 1,27
1154,2020-02-28,2020,2,February,Qtr 1,28
1155,2020-02-29,2020,2,February,Qtr 1,29
1156,2020-03-01,2020,3,March,Qtr 1,1
1157,2020-03-02,2020,3,March,Qtr 1,2
1158,2020-03-03,2020,3,March,Qtr 1,3
1159,2020-03-04,2020,3,March,Qtr 1,4
1160,2020-03-05,2020,3,March,Qtr 1,5
1161,2020-03-06,2020,3,March,Qtr 1,6
1162,2020-03-07,2020,3,March,Qtr 1,7
1163,2020-03-08,2020,3,March,Qtr 1,8
1164,2020-03-09,2020,3,March,Qtr 1,9
1165,2020-03-10,2020,3,March,Qtr 1,10
1166,2020-03-11,2020,3,March,Qtr 1,11
1167,2020-03-12,2020,3,March,Qtr 1,12
1168,2020-03-13,2020,3,March,Qtr 1,13
1169,2020-03-14,2020,3,March,Qtr 1,14
1170,2020-03-15,2020,3,March,Qtr 1,15
1171,2020-03-16,2020,3,March,Qtr 1,16
1172,2020-03-17,2020,3,March,Qtr 1,17
1173,2020-03-18,2020,3,March,Qtr 1,18
1174,2020-03-19,2020,3,March,Qtr 1,19
1175,2020-03-20,2020,3,March,Qtr 1,20
1176,2020-03-21,2020,3,March,Qtr 1,21
1177,2020-03-22,2020,3,March,Qtr 1,22
1178,2020-03-23,2020,3,March,Qtr 1,23
1179,2020-03-24,2020,3,March,Qtr 1,24
1180,2020-03-25,2020,3,March,Qtr 1,25
1181,2020-03-26,2020,3,March,Qtr 1,26
1182,2020-03-27,2020,3,March,Qtr 1,27
1183,2020-03-28,2020,3,March,Qtr 1,28
1184,2020-03-29,2020,3,March,Qtr 1,29
1185,2020-03-30,2020,3,March,Qtr 1,30
1186,2020-03-31,2020,3,March,Qtr 1,31
1187,2020-04-01,2020,4,April,Qtr 2,1
1188,2020-04-02,2020,4,April,Qtr 2,2
1189,2020-04-03,2020,4,April,Qtr 2,3
1190,2020-04-04,2020,4,April,Qtr 2,4
1191,2020-04-05,2020,4,April,Qtr 2,5
1192,2020-04-06,2020,4,April,Qtr 2,6
1193,2020-04-07,2020,4,April,Qtr 2,7
1194,2020-04-08,2020,4,April,Qtr 2,8
1195,2020-04-09,2020,4,April,Qtr 2,9
1196,2020-04-10,2020,4,April,Qtr 2,10
1197,2020-04-11,2020,4,April,Qtr 2,11
1198,2020-04-12,2020,4,April,Qtr 2,12
1199,2020-04-13,2020,4,April,Qtr 2,13
1200,2020-04-14,2020,4,April,Qtr 2,14
1201,2020-04-15,2020,4,April,Qtr 2,15
1202,2020-04-16,2020,4,April,Qtr 2,16
1203,2020-04-17,2020,4,April,Qtr 2,17
1204,2020-04-18,2020,4,April,Qtr 2,18
1205,2020-04-19,2020,4,April,Qtr 2,19
1206,2020-04-20,2020,4,April,Qtr 2,20
1207,2020-04-21,2020,4,April,Qtr 2,21
1208,2020-04-22,2020,4,April,Qtr 2,22
1209,2020-04-23,2020,4,April,Qtr 2,23
1210,2020-04-24,2020,4,April,Qtr 2,24
1211,2020-04-25,2020,4,April,Qtr 2,25
1212,2020-04-26,2020,4,April,Qtr 2,26
1213,2020-04-27,2020,4,April,Qtr 2,27
1214,2020-04-28,2020,4,April,Qtr 2,28
1215,2020-04-29,2020,4,April,Qtr 2,29
1216,2020-04-30,2020,4,April,Qtr 2,30
1217,2020-05-01,2020,5,May,Qtr 2,1
1218,2020-05-02,2020,5,May,Qtr 2,2
1219,2020-05-03,2020,5,May,Qtr 2,3
1220,2020-05-04,2020,5,May,Qtr 2,4
1221,2020-05-05,2020,5,May,Qtr 2,5
1222,2020-05-06,2020,5,May,Qtr 2,6
1223,2020-05-07,2020,5,May,Qtr 2,7
1224,2020-05-08,2020,5,May,Qtr 2,8
1225,2020-05-09,2020,5,May,Qtr 2,9
1226,2020-05-10,2020,5,May,Qtr 2,10
1227,2020-05-11,2020,5,May,Qtr 2,11
1228,2020-05-12,2020,5,May,Qtr 2,12
1229,2020-05-13,2020,5,May,Qtr 2,13
1230,2020-05-14,2020,5,May,Qtr 2,14
1231,2020-05-15,2020,5,May,Qtr 2,15
1232,2020-05-16,2020,5,May,Qtr 2,16
1233,2020-05-17,2020,5,May,Qtr 2,17
1234,2020-05-18,2020,5,May,Qtr 2,18
1235,2020-05-19,2020,5,May,Qtr 2,19
1236,2020-05-20,2020,5,May,Qtr 2,20
1237,2020-05-21,2020,5,May,Qtr 2,21
1238,2020-05-22,2020,5,May,Qtr 2,22
1239,2020-05-23,2020,5,May,Qtr 2,23
1240,2020-05-24,2020,5,May,Qtr 2,24
1241,2020-05-25,2020,5,May,Qtr 2,25
1242,2020-05-26,2020,5,May,Qtr 2,26
1243,2020-05-27,2020,5,May,Qtr 2,27
1244,2020-05-28,2020,5,May,Qtr 2,28
1245,2020-05-29,2020,5,May,Qtr 2,29
1246,2020-05-30,2020,5,May,Qtr 2,30
1247,2020-05-31,2020,5,May,Qtr 2,31
1248,2020-06-01,2020,6,June,Qtr 2,1
1249,2020-06-02,2020,6,June,Qtr 2,2
1250,2020-06-03,2020,6,June,Qtr 2,3
1251,2020-06-04,2020,6,June,Qtr 2,4
1252,2020-06-05,2020,6,June,Qtr 2,5
1253,2020-06-06,2020,6,June,Qtr 2,6
1254,2020-06-07,2020,6,June,Qtr 2,7
1255,2020-06-08,2020,6,June,Qtr 2,8
1256,2020-06-09,2020,6,June,Qtr 2,9
1257,2020-06-10,2020,6,June,Qtr 2,10
1258,2020-06-11,2020,6,June,Qtr 2,11
1259,2020-06-12,2020,6,June,Qtr 2,12
1260,2020-06-13,2020,6,June,Qtr 2,13
1261,2020-06-14,2020,6,June,Qtr 2,14
1262,2020-06-15,2020,6,June,Qtr 2,15
1263,2020-06-16,2020,6,June,Qtr 2,16
1264,2020-06-17,2020,6,June,Qtr 2,17
1265,2020-06-18,2020,6,June,Qtr 2,18
1266,2020-06-19,2020,6,June,Qtr 2,19
1267,2020-06-20,2020,6,June,Qtr 2,20
1268,2020-06-21,2020,6,June,Qtr 2,21
1269,2020-06-22,2020,6,June,Qtr 2,22
1270,2020-06-23,2020,6,June,Qtr 2,23
1271,2020-06-24,2020,6,June,Qtr 2,24
1272,2020-06-25,2020,6,June,Qtr 2,25
1273,2020-06-26,2020,6,June,Qtr 2,26
1274,2020-06-27,2020,6,June,Qtr 2,27
1275,2020-06-28,2020,6,June,Qtr 2,28
1276,2020-06-29,2020,6,June,Qtr 2,29
1277,2020-06-30,2020,6,June,Qtr 2,30
1278,2020-07-01,2020,7,July,Qtr 3,1
1279,2020-07-02,2020,7,July,Qtr 3,2
1280,2020-07-03,2020,7,July,Qtr 3,3
1281,2020-07-04,2020,7,July,Qtr 3,4
1282,2020-07-05,2020,7,July,Qtr 3,5
1283,2020-07-06,2020,7,July,Qtr 3,6
1284,2020-07-07,2020,7,July,Qtr 3,7
1285,2020-07-08,2020,7,July,Qtr 3,8
1286,2020-07-09,2020,7,July,Qtr 3,9
1287,2020-07-10,2020,7,July,Qtr 3,10
1288,2020-07-11,2020,7,July,Qtr 3,11
1289,2020-07-12,2020,7,July,Qtr 3,12
1290,2020-07-13,2020,7,July,Qtr 3,13
1291,2020-07-14,2020,7,July,Qtr 3,14
1292,2020-07-15,2020,7,July,Qtr 3,15
1293,2020-07-16,2020,7,July,Qtr 3,16
1294,2020-07-17,2020,7,July,Qtr 3,17
1295,2020-07-18,2020,7,July,Qtr 3,18
1296,2020-07-19,2020,7,July,Qtr 3,19
1297,2020-07-20,2020,7,July,Qtr 3,20
1298,2020-07-21,2020,7,July,Qtr 3,21
1299,2020-07-22,2020,7,July,Qtr 3,22
1300,2020-07-23,2020,7,July,Qtr 3,23
1301,2020-07-24,2020,7,July,Qtr 3,24
1302,2020-07-25,2020,7,July,Qtr 3,25
1303,2020-07-26,2020,7,July,Qtr 3,26
1304,2020-07-27,2020,7,July,Qtr 3,27
1305,2020-07-28,2020,7,July,Qtr 3,28
1306,2020-07-29,2020,7,July,Qtr 3,29
1307,2020-07-30,2020,7,July,Qtr 3,30
1308,2020-07-31,2020,7,July,Qtr 3,31
1309,2020-08-01,2020,8,August,Qtr 3,1
1310,2020-08-02,2020,8,August,Qtr 3,2
1311,2020-08-03,2020,8,August,Qtr 3,3
1312,2020-08-04,2020,8,August,Qtr 3,4
1313,2020-08-05,2020,8,August,Qtr 3,5
1314,2020-08-06,2020,8,August,Qtr 3,6
1315,2020-08-07,2020,8,August,Qtr 3,7
1316,2020-08-08,2020,8,August,Qtr 3,8
1317,2020-08-09,2020,8,August,Qtr 3,9
1318,2020-08-10,2020,8,August,Qtr 3,10
1319,2020-08-11,2020,8,August,Qtr 3,11
1320,2020-08-12,2020,8,August,Qtr 3,12
1321,2020-08-13,2020,8,August,Qtr 3,13
1322,2020-08-14,2020,8,August,Qtr 3,14
1323,2020-08-15,2020,8,August,Qtr 3,15
1324,2020-08-16,2020,8,August,Qtr 3,16
1325,2020-08-17,2020,8,August,Qtr 3,17
1326,2020-08-18,2020,8,August,Qtr 3,18
1327,2020-08-19,2020,8,August,Qtr 3,19
1328,2020-08-20,2020,8,August,Qtr 3,20
1329,2020-08-21,2020,8,August,Qtr 3,21
1330,2020-08-22,2020,8,August,Qtr 3,22
1331,2020-08-23,2020,8,August,Qtr 3,23
1332,2020-08-24,2020,8,August,Qtr 3,24
1333,2020-08-25,2020,8,August,Qtr 3,25
1334,2020-08-26,2020,8,August,Qtr 3,26
1335,2020-08-27,2020,8,August,Qtr 3,27
1336,2020-08-28,2020,8,August,Qtr 3,28
1337,2020-08-29,2020,8,August,Qtr 3,29
1338,2020-08-30,2020,8,August,Qtr 3,30
1339,2020-08-31,2020,8,August,Qtr 3,31
1340,2020-09-01,2020,9,September,Qtr 3,1
1341,2020-09-02,2020,9,September,Qtr 3,2
1342,2020-09-03,2020,9,September,Qtr 3,3
1343,2020-09-04,2020,9,September,Qtr 3,4
1344,2020-09-05,2020,9,September,Qtr 3,5
1345,2020-09-06,2020,9,September,Qtr 3,6
1346,2020-09-07,2020,9,September,Qtr 3,7
1347,2020-09-08,2020,9,September,Qtr 3,8
1348,2020-09-09,2020,9,September,Qtr 3,9
1349,2020-09-10,2020,9,September,Qtr 3,10
1350,2020-09-11,2020,9,September,Qtr 3,11
1351,2020-09-12,2020,9,September,Qtr 3,12
1352,2020-09-13,2020,9,September,Qtr 3,13
1353,2020-09-14,2020,9,September,Qtr 3,14
1354,2020-09-15,2020,9,September,Qtr 3,15
1355,2020-09-16,2020,9,September,Qtr 3,16
1356,2020-09-17,2020,9,September,Qtr 3,17
1357,2020-09-18,2020,9,September,Qtr 3,18
1358,2020-09-19,2020,9,September,Qtr 3,19
1359,2020-09-20,2020,9,September,Qtr 3,20
1360,2020-09-21,2020,9,September,Qtr 3,21
1361,2020-09-22,2020,9,September,Qtr 3,22
1362,2020-09-23,2020,9,September,Qtr 3,23
1363,2020-09-24,2020,9,September,Qtr 3,24
1364,2020-09-25,2020,9,September,Qtr 3,25
1365,2020-09-26,2020,9,September,Qtr 3,26
1366,2020-09-27,2020,9,September,Qtr 3,27
1367,2020-09-28,2020,9,September,Qtr 3,28
1368,2020-09-29,2020,9,September,Qtr 3,29
1369,2020-09-30,2020,9,September,Qtr 3,30
1370,2020-10-01,2020,10,October,Qtr 4,1
1371,2020-10-02,2020,10,October,Qtr 4,2
1372,2020-10-03,2020,10,October,Qtr 4,3
1373,2020-10-04,2020,10,October,Qtr 4,4
1374,2020-10-05,2020,10,October,Qtr 4,5
1375,2020-10-06,2020,10,October,Qtr 4,6
1376,2020-10-07,2020,10,October,Qtr 4,7
1377,2020-10-08,2020,10,October,Qtr 4,8
1378,2020-10-09,2020,10,October,Qtr 4,9
1379,2020-10-10,2020,10,October,Qtr 4,10
1380,2020-10-11,2020,10,October,Qtr 4,11
1381,2020-10-12,2020,10,October,Qtr 4,12
1382,2020-10-13,2020,10,October,Qtr 4,13
1383,2020-10-14,2020,10,October,Qtr 4,14
1384,2020-10-15,2020,10,October,Qtr 4,15
1385,2020-10-16,2020,10,October,Qtr 4,16
1386,2020-10-17,2020,10,October,Qtr 4,17
1387,2020-10-18,2020,10,October,Qtr 4,18
1388,2020-10-19,2020,10,October,Qtr 4,19
1389,2020-10-20,2020,10,October,Qtr 4,20
1390,2020-10-21,2020,10,October,Qtr 4,21
1391,2020-10-22,2020,10,October,Qtr 4,22
1392,2020-10-23,2020,10,October,Qtr 4,23
1393,2020-10-24,2020,10,October,Qtr 4,24
1394,2020-10-25,2020,10,October,Qtr 4,25
1395,2020-10-26,2020,10,October,Qtr 4,26
1396,2020-10-27,2020,10,October,Qtr 4,27
1397,2020-10-28,2020,10,October,Qtr 4,28
1398,2020-10-29,2020,10,October,Qtr 4,29
1399,2020-10-30,2020,10,October,Qtr 4,30
1400,2020-10-31,2020,10,October,Qtr 4,31
1401,2020-11-01,2020,11,November,Qtr 4,1
1402,2020-11-02,2020,11,November,Qtr 4,2
1403,2020-11-03,2020,11,November,Qtr 4,3
1404,2020-11-04,2020,11,November,Qtr 4,4
1405,2020-11-05,2020,11,November,Qtr 4,5
1406,2020-11-06,2020,11,November,Qtr 4,6
1407,2020-11-07,2020,11,November,Qtr 4,7
1408,2020-11-08,2020,11,November,Qtr 4,8
1409,2020-11-09,2020,11,November,Qtr 4,9
1410,2020-11-10,2020,11,November,Qtr 4,10
1411,2020-11-11,2020,11,November,Qtr 4,11
1412,2020-11-12,2020,11,November,Qtr 4,12
1413,2020-11-13,2020,11,November,Qtr 4,13
1414,2020-11-14,2020,11,November,Qtr 4,14
1415,2020-11-15,2020,11,November,Qtr 4,15
1416,2020-11-16,2020,11,November,Qtr 4,16
1417,2020-11-17,2020,11,November,Qtr 4,17
1418,2020-11-18,2020,11,November,Qtr 4,18
1419,2020-11-19,2020,11,November,Qtr 4,19
1420,2020-11-20,2020,11,November,Qtr 4,20
1421,2020-11-21,2020,11,November,Qtr 4,21
1422,2020-11-22,2020,11,November,Qtr 4,22
1423,2020-11-23,2020,11,November,Qtr 4,23
1424,2020-11-24,2020,11,November,Qtr 4,24
1425,2020-11-25,2020,11,November,Qtr 4,25
1426,2020-11-26,2020,11,November,Qtr 4,26
1427,2020-11-27,2020,11,November,Qtr 4,27
1428,2020-11-28,2020,11,November,Qtr 4,28
1429,2020-11-29,2020,11,November,Qtr 4,29
1430,2020-11-30,2020,11,November,Qtr 4,30
1431,2020-12-01,2020,12,December,Qtr 4,1
1432,2020-12-02,2020,12,December,Qtr 4,2
1433,2020-12-03,2020,12,December,Qtr 4,3
1434,2020-12-04,2020,12,December,Qtr 4,4
1435,2020-12-05,2020,12,December,Qtr 4,5
1436,2020-12-06,2020,12,December,Qtr 4,6
1437,2020-12-07,2020,12,December,Qtr 4,7
1438,2020-12-08,2020,12,December,Qtr 4,8
1439,2020-12-09,2020,12,December,Qtr 4,9
1440,2020-12-10,2020,12,December,Qtr 4,10
1441,2020-12-11,2020,12,December,Qtr 4,11
1442,2020-12-12,2020,12,December,Qtr 4,12
1443,2020-12-13,2020,12,December,Qtr 4,13
1444,2020-12-14,2020,12,December,Qtr 4,14
1445,2020-12-15,2020,12,December,Qtr 4,15
1446,2020-12-16,2020,12,December,Qtr 4,16
1447,2020-12-17,2020,12,December,Qtr 4,17
1448,2020-12-18,2020,12,December,Qtr 4,18
1449,2020-12-19,2020,12,December,Qtr 4,19
1450,2020-12-20,2020,12,December,Qtr 4,20
1451,2020-12-21,2020,12,December,Qtr 4,21
1452,2020-12-22,2020,12,December,Qtr 4,22
1453,2020-12-23,2020,12,December,Qtr 4,23
1454,2020-12-24,2020,12,December,Qtr 4,24
1455,2020-12-25,2020,12,December,Qtr 4,25
1456,2020-12-26,2020,12,December,Qtr 4,26
1457,2020-12-27,2020,12,December,Qtr 4,27
1458,2020-12-28,2020,12,December,Qtr 4,28
1459,2020-12-29,2020,12,December,Qtr 4,29
1460,2020-12-30,2020,12,December,Qtr 4,30
1461,2020-12-31,2020,12,December,Qtr 4,31
